{
  "files": [
    {
      "filepath": "/Users/dafyddllyr/Code/planx-core/src/models/session/logic.bench.ts",
      "groups": [
        {
          "fullName": "src/models/session/logic.bench.ts > sortFlow",
          "benchmarks": [
            {
              "id": "1479762560_0_0",
              "name": "large flow",
              "rank": 1,
              "rme": 10.282358106763697,
              "samples": [],
              "totalTime": 502.94108700000027,
              "min": 5.580624999999941,
              "max": 21.181332999999995,
              "hz": 145.14622465115872,
              "period": 6.889603931506853,
              "mean": 6.889603931506853,
              "variance": 9.213964068421822,
              "sd": 3.0354512133160405,
              "sem": 0.35527269226439584,
              "df": 72,
              "critical": 1.994,
              "moe": 0.7084137483752053,
              "p75": 6.289915999999948,
              "p99": 21.181332999999995,
              "p995": 21.181332999999995,
              "p999": 21.181332999999995,
              "sampleCount": 73,
              "median": 5.812917000000084
            }
          ]
        },
        {
          "fullName": "src/models/session/logic.bench.ts > sortBreadcrumbs",
          "benchmarks": [
            {
              "id": "1479762560_1_0",
              "name": "large flow",
              "rank": 1,
              "rme": 6.453105146285097,
              "samples": [],
              "totalTime": 501.85488299999884,
              "min": 2.7221250000000055,
              "max": 14.017665999999963,
              "hz": 278.9651047392525,
              "period": 3.5846777357142776,
              "mean": 3.5846777357142776,
              "variance": 1.9500853197499362,
              "sd": 1.3964545534137285,
              "sem": 0.11802195073526231,
              "df": 139,
              "critical": 1.96,
              "moe": 0.23132302344111413,
              "p75": 3.6470829999998386,
              "p99": 8.157958000000008,
              "p995": 14.017665999999963,
              "p999": 14.017665999999963,
              "sampleCount": 140,
              "median": 3.016666999999984
            }
          ]
        },
        {
          "fullName": "src/models/session/logic.bench.ts > getPathForNode",
          "benchmarks": [
            {
              "id": "1479762560_2_0",
              "name": "large flow",
              "rank": 1,
              "rme": 1.5983400028624952,
              "samples": [],
              "totalTime": 500.7921270000006,
              "min": 1.096749999999929,
              "max": 2.7182920000000195,
              "hz": 818.7029665504297,
              "period": 1.2214442121951234,
              "mean": 1.2214442121951234,
              "variance": 0.04067778756428612,
              "sd": 0.20168735102699453,
              "sem": 0.009960628293960876,
              "df": 409,
              "critical": 1.96,
              "moe": 0.019522831456163316,
              "p75": 1.181291999999985,
              "p99": 1.9586659999999938,
              "p995": 2.0738750000000437,
              "p999": 2.7182920000000195,
              "sampleCount": 410,
              "median": 1.1492915000001176
            }
          ]
        }
      ]
    }
  ]
}